date,P10,P50,P90
2026-04-18T16:20:00.000Z,174.897,185.14,1966.827
2026-04-18T16:25:00.000Z,183.834,184.054,987.742
2026-04-18T16:30:00.000Z,183.42,183.463,807.967
2026-04-18T16:35:00.000Z,183.434,184.066,1580.958
2026-04-18T16:40:00.000Z,183.478,183.637,1690.951
2026-04-18T16:45:00.000Z,183.312,185.376,2790.447
2026-04-18T16:50:00.000Z,183.621,183.846,507.121
2026-04-18T16:55:00.000Z,182.671,183.535,587.331
2026-04-18T17:00:00.000Z,183.901,184.039,1039.42
2026-04-18T17:05:00.000Z,183.827,184.123,689.41
2026-04-18T17:10:00.000Z,184.499,184.589,1356.186
2026-04-18T17:15:00.000Z,185.586,186.407,563.9