item_id,timestamp,target_value
BTC-USD,2026-04-18T10:00:00Z,55413.7641
BTC-USD,2026-04-18T10:05:00Z,55449.2053
BTC-USD,2026-04-18T10:10:00Z,55439.5598
BTC-USD,2026-04-18T10:15:00Z,55313.3084
BTC-USD,2026-04-18T10:20:00Z,55428.8608
BTC-USD,2026-04-18T10:25:00Z,55418.4529
BTC-USD,2026-04-18T10:30:00Z,55565.2247
BTC-USD,2026-04-18T10:35:00Z,55672.6816
BTC-USD,2026-04-18T10:40:00Z,55533.6398
BTC-USD,2026-04-18T10:45:00Z,55459.6763
BTC-USD,2026-04-18T10:50:00Z,55409.7064
BTC-USD,2026-04-18T10:55:00Z,55430.7906
BTC-USD,2026-04-18T11:00:00Z,55329.3215
BTC-USD,2026-04-18T11:05:00Z,55237.076
BTC-USD,2026-04-18T11:10:00Z,55156.3159
BTC-USD,2026-04-18T11:15:00Z,55017.357
BTC-USD,2026-04-18T11:20:00Z,55102.7679
BTC-USD,2026-04-18T11:25:00Z,55172.4791
BTC-USD,2026-04-18T11:30:00Z,55224.115
BTC-USD,2026-04-18T11:35:00Z,55213.4896
BTC-USD,2026-04-18T11:40:00Z,55139.428
BTC-USD,2026-04-18T11:45:00Z,55094.2237
BTC-USD,2026-04-18T11:50:00Z,55109.8598
BTC-USD,2026-04-18T11:55:00Z,55223.9537
BTC-USD,2026-04-18T12:00:00Z,55305.9817
BTC-USD,2026-04-18T12:05:00Z,55339.8509
BTC-USD,2026-04-18T12:10:00Z,55414.3099
BTC-USD,2026-04-18T12:15:00Z,55438.2726
BTC-USD,2026-04-18T12:20:00Z,55504.8125
BTC-USD,2026-04-18T12:25:00Z,55398.8303
BTC-USD,2026-04-18T12:30:00Z,55329.9733
BTC-USD,2026-04-18T12:35:00Z,55301.153
BTC-USD,2026-04-18T12:40:00Z,55323.4199
BTC-USD,2026-04-18T12:45:00Z,55367.855
BTC-USD,2026-04-18T12:50:00Z,55388.6294
BTC-USD,2026-04-18T12:55:00Z,55277.7227
BTC-USD,2026-04-18T13:00:00Z,55298.5222
BTC-USD,2026-04-18T13:05:00Z,55219.7672
BTC-USD,2026-04-18T13:10:00Z,55125.433
BTC-USD,2026-04-18T13:15:00Z,54980.3241
BTC-USD,2026-04-18T13:20:00Z,54859.1984
BTC-USD,2026-04-18T13:25:00Z,54820.5293
BTC-USD,2026-04-18T13:30:00Z,54926.7214
BTC-USD,2026-04-18T13:35:00Z,55059.7567
BTC-USD,2026-04-18T13:40:00Z,55166.8228
BTC-USD,2026-04-18T13:45:00Z,55080.1097
BTC-USD,2026-04-18T13:50:00Z,55207.0237
BTC-USD,2026-04-18T13:55:00Z,55078.1494
BTC-USD,2026-04-18T14:00:00Z,55125.8819
BTC-USD,2026-04-18T14:05:00Z,55250.6014
BTC-USD,2026-04-18T14:10:00Z,55102.1314
BTC-USD,2026-04-18T14:15:00Z,55062.7422
BTC-USD,2026-04-18T14:20:00Z,55169.768
BTC-USD,2026-04-18T14:25:00Z,55293.9043
BTC-USD,2026-04-18T14:30:00Z,55198.742
BTC-USD,2026-04-18T14:35:00Z,55106.7688
BTC-USD,2026-04-18T14:40:00Z,55098.6581
BTC-USD,2026-04-18T14:45:00Z,55184.8775
BTC-USD,2026-04-18T14:50:00Z,55289.2362
BTC-USD,2026-04-18T14:55:00Z,55302.8643
BTC-USD,2026-04-18T15:00:00Z,55233.1343
BTC-USD,2026-04-18T15:05:00Z,55231.7021
BTC-USD,2026-04-18T15:10:00Z,55222.5413
BTC-USD,2026-04-18T15:15:00Z,55102.9181
BTC-USD,2026-04-18T15:20:00Z,54989.4403
BTC-USD,2026-04-18T15:25:00Z,54857.6807
BTC-USD,2026-04-18T15:30:00Z,54758.2392
BTC-USD,2026-04-18T15:35:00Z,54783.6029
BTC-USD,2026-04-18T15:40:00Z,54825.6755
BTC-USD,2026-04-18T15:45:00Z,54909.6518
BTC-USD,2026-04-18T15:50:00Z,54970.4373
BTC-USD,2026-04-18T15:55:00Z,54854.3117
BTC-USD,2026-04-18T16:00:00Z,54891.4951
BTC-USD,2026-04-18T16:05:00Z,54973.5049
BTC-USD,2026-04-18T16:10:00Z,54958.7771
BTC-USD,2026-04-18T16:15:00Z,54925.924
BTC-USD,2026-04-18T16:20:00Z,55032.9232
BTC-USD,2026-04-18T16:25:00Z,55180.8894
BTC-USD,2026-04-18T16:30:00Z,55223.557
BTC-USD,2026-04-18T16:35:00Z,55141.9777
BTC-USD,2026-04-18T16:40:00Z,55099.0977
BTC-USD,2026-04-18T16:45:00Z,55026.5629
BTC-USD,2026-04-18T16:50:00Z,54993.644
BTC-USD,2026-04-18T16:55:00Z,54873.5078
BTC-USD,2026-04-18T17:00:00Z,54769.5242
BTC-USD,2026-04-18T17:05:00Z,54712.5428
BTC-USD,2026-04-18T17:10:00Z,54637.0595
BTC-USD,2026-04-18T17:15:00Z,54580.0382
BTC-USD,2026-04-18T17:20:00Z,54673.3788
BTC-USD,2026-04-18T17:25:00Z,54527.2084
BTC-USD,2026-04-18T17:30:00Z,54563.1721
BTC-USD,2026-04-18T17:35:00Z,54668.4376
BTC-USD,2026-04-18T17:40:00Z,54540.4804
BTC-USD,2026-04-18T17:45:00Z,54666.2208
BTC-USD,2026-04-18T17:50:00Z,54616.9342
BTC-USD,2026-04-18T17:55:00Z,54750.0327
BTC-USD,2026-04-18T18:00:00Z,54838.1057
BTC-USD,2026-04-18T18:05:00Z,54971.1734
BTC-USD,2026-04-18T18:10:00Z,54879.6865
BTC-USD,2026-04-18T18:15:00Z,54848.5405
