item_id,timestamp,p10,p50,p90
BTC-USD,2026-04-18T18:20:00Z,54733.3339,54844.7477,54956.1614
BTC-USD,2026-04-18T18:25:00Z,54675.0852,54844.3884,55013.6916
BTC-USD,2026-04-18T18:30:00Z,54631.506,54844.3544,55057.2027
BTC-USD,2026-04-18T18:35:00Z,54595.3884,54844.3511,55093.3139
BTC-USD,2026-04-18T18:40:00Z,54563.8797,54844.3508,55124.8219
BTC-USD,2026-04-18T18:45:00Z,54535.5694,54844.3508,55153.1322
BTC-USD,2026-04-18T18:50:00Z,54509.6451,54844.3508,55179.0565
BTC-USD,2026-04-18T18:55:00Z,54485.5893,54844.3508,55203.1123
BTC-USD,2026-04-18T19:00:00Z,54463.0481,54844.3508,55225.6535
BTC-USD,2026-04-18T19:05:00Z,54441.767,54844.3508,55246.9346
BTC-USD,2026-04-18T19:10:00Z,54421.5558,54844.3508,55267.1458
BTC-USD,2026-04-18T19:15:00Z,54402.2676,54844.3508,55286.434
