ticker,timestamp,p10,p50,p90
ETH-USD,2026-05-10T13:05:00Z,2329.73046875,2365.9318847656,2399.2609863281
ETH-USD,2026-05-10T13:10:00Z,2340.0231933594,2369.1313476562,2392.6442871094
ETH-USD,2026-05-10T13:15:00Z,2329.1411132812,2361.4853515625,2397.2275390625
ETH-USD,2026-05-10T13:20:00Z,2328.9509277344,2362.4682617188,2398.4226074219
ETH-USD,2026-05-10T13:25:00Z,2343.9736328125,2372.8100585938,2409.2734375
ETH-USD,2026-05-10T13:30:00Z,2346.5041503906,2374.0456542969,2410.396484375
ETH-USD,2026-05-10T13:35:00Z,2345.478515625,2375.9572753906,2408.7136230469
ETH-USD,2026-05-10T13:40:00Z,2340.8342285156,2371.6901855469,2400.6843261719
ETH-USD,2026-05-10T13:45:00Z,2341.9907226562,2376.0991210938,2405.9621582031
ETH-USD,2026-05-10T13:50:00Z,2341.2429199219,2374.8864746094,2407.2758789062
ETH-USD,2026-05-10T13:55:00Z,2340.1950683594,2370.6135253906,2412.13671875
ETH-USD,2026-05-10T14:00:00Z,2342.5895996094,2375.8842773438,2411.1674804688
